DELETE FROM EM_CONS_CODE_CFG ;
INSERT INTO EM_CONS_CODE_CFG(CONS_ID,CONS_SEQ,CONS_NAME,CONS_DESC,DISP_VALUE,STORE_VALUE,STORE_TYPE,CREATE_AUTHOR,CREATE_DATETIME,UPDATE_AUTHOR,UPDATE_DATETIME) VALUES ('GENDER',1,'性别',null,'男','M',null,'admin',null,'admin',current_timestamp()) ;
INSERT INTO EM_CONS_CODE_CFG(CONS_ID,CONS_SEQ,CONS_NAME,CONS_DESC,DISP_VALUE,STORE_VALUE,STORE_TYPE,CREATE_AUTHOR,CREATE_DATETIME,UPDATE_AUTHOR,UPDATE_DATETIME) VALUES ('GENDER',2,'性别',null,'女','F',null,'admin',null,'admin',current_timestamp()) ;
INSERT INTO EM_CONS_CODE_CFG(CONS_ID,CONS_SEQ,CONS_NAME,CONS_DESC,DISP_VALUE,STORE_VALUE,STORE_TYPE,CREATE_AUTHOR,CREATE_DATETIME,UPDATE_AUTHOR,UPDATE_DATETIME) VALUES ('STATUS',1,'状态有效或无效',null,'无效','0',null,'admin',null,'admin',current_timestamp()) ;
INSERT INTO EM_CONS_CODE_CFG(CONS_ID,CONS_SEQ,CONS_NAME,CONS_DESC,DISP_VALUE,STORE_VALUE,STORE_TYPE,CREATE_AUTHOR,CREATE_DATETIME,UPDATE_AUTHOR,UPDATE_DATETIME) VALUES ('STATUS',2,'状态有效或无效',null,'有效','1',null,'admin',null,'admin',current_timestamp()) ;
INSERT INTO EM_CONS_CODE_CFG(CONS_ID,CONS_SEQ,CONS_NAME,CONS_DESC,DISP_VALUE,STORE_VALUE,STORE_TYPE,CREATE_AUTHOR,CREATE_DATETIME,UPDATE_AUTHOR,UPDATE_DATETIME) VALUES ('CODE-TYPE',1,'编码类型',null,'固定编码','1',null,'admin',null,'admin',current_timestamp()) ;
INSERT INTO EM_CONS_CODE_CFG(CONS_ID,CONS_SEQ,CONS_NAME,CONS_DESC,DISP_VALUE,STORE_VALUE,STORE_TYPE,CREATE_AUTHOR,CREATE_DATETIME,UPDATE_AUTHOR,UPDATE_DATETIME) VALUES ('CODE-TYPE',2,'编码类型',null,'SQL编码','2',null,'admin',null,'admin',current_timestamp()) ;
INSERT INTO EM_CONS_CODE_CFG(CONS_ID,CONS_SEQ,CONS_NAME,CONS_DESC,DISP_VALUE,STORE_VALUE,STORE_TYPE,CREATE_AUTHOR,CREATE_DATETIME,UPDATE_AUTHOR,UPDATE_DATETIME) VALUES ('NOT-EMPTY',1,'必须输入标识',null,'可空','0',null,'admin',null,'admin',current_timestamp()) ;
INSERT INTO EM_CONS_CODE_CFG(CONS_ID,CONS_SEQ,CONS_NAME,CONS_DESC,DISP_VALUE,STORE_VALUE,STORE_TYPE,CREATE_AUTHOR,CREATE_DATETIME,UPDATE_AUTHOR,UPDATE_DATETIME) VALUES ('NOT-EMPTY',2,'必须输入标识',null,'非空','1',null,'admin',null,'admin',current_timestamp()) ;
INSERT INTO EM_CONS_CODE_CFG(CONS_ID,CONS_SEQ,CONS_NAME,CONS_DESC,DISP_VALUE,STORE_VALUE,STORE_TYPE,CREATE_AUTHOR,CREATE_DATETIME,UPDATE_AUTHOR,UPDATE_DATETIME) VALUES ('CITY-CHINA',1,'常用城市定义',null,'大连','DL',null,'admin',null,'admin',current_timestamp()) ;
INSERT INTO EM_CONS_CODE_CFG(CONS_ID,CONS_SEQ,CONS_NAME,CONS_DESC,DISP_VALUE,STORE_VALUE,STORE_TYPE,CREATE_AUTHOR,CREATE_DATETIME,UPDATE_AUTHOR,UPDATE_DATETIME) VALUES ('CITY-CHINA',2,'常用城市定义',null,'北京','BJ',null,'admin',null,'admin',current_timestamp()) ;
INSERT INTO EM_CONS_CODE_CFG(CONS_ID,CONS_SEQ,CONS_NAME,CONS_DESC,DISP_VALUE,STORE_VALUE,STORE_TYPE,CREATE_AUTHOR,CREATE_DATETIME,UPDATE_AUTHOR,UPDATE_DATETIME) VALUES ('CITY-CHINA',3,'常用城市定义',null,'深圳','SZ',null,'admin',null,'admin',current_timestamp()) ;
INSERT INTO EM_CONS_CODE_CFG(CONS_ID,CONS_SEQ,CONS_NAME,CONS_DESC,DISP_VALUE,STORE_VALUE,STORE_TYPE,CREATE_AUTHOR,CREATE_DATETIME,UPDATE_AUTHOR,UPDATE_DATETIME) VALUES ('CITY-CHINA',4,'常用城市定义',null,'上海','SH',null,'admin',null,'admin',current_timestamp()) ;
INSERT INTO EM_CONS_CODE_CFG(CONS_ID,CONS_SEQ,CONS_NAME,CONS_DESC,DISP_VALUE,STORE_VALUE,STORE_TYPE,CREATE_AUTHOR,CREATE_DATETIME,UPDATE_AUTHOR,UPDATE_DATETIME) VALUES ('ENTITY-TYPE',1,'实体类型',null,'数据库表','0',null,'admin',null,'admin',current_timestamp()) ;
INSERT INTO EM_CONS_CODE_CFG(CONS_ID,CONS_SEQ,CONS_NAME,CONS_DESC,DISP_VALUE,STORE_VALUE,STORE_TYPE,CREATE_AUTHOR,CREATE_DATETIME,UPDATE_AUTHOR,UPDATE_DATETIME) VALUES ('ENTITY-TYPE',2,'实体类型',null,'数据库视图','1',null,'admin',null,'admin',current_timestamp()) ;
INSERT INTO EM_CONS_CODE_CFG(CONS_ID,CONS_SEQ,CONS_NAME,CONS_DESC,DISP_VALUE,STORE_VALUE,STORE_TYPE,CREATE_AUTHOR,CREATE_DATETIME,UPDATE_AUTHOR,UPDATE_DATETIME) VALUES ('ENTITY-TYPE',3,'实体类型',null,'数据实体','2',null,'admin',null,'admin',current_timestamp()) ;
INSERT INTO EM_CONS_CODE_CFG(CONS_ID,CONS_SEQ,CONS_NAME,CONS_DESC,DISP_VALUE,STORE_VALUE,STORE_TYPE,CREATE_AUTHOR,CREATE_DATETIME,UPDATE_AUTHOR,UPDATE_DATETIME) VALUES ('JDBC-DRIVER',1,'JDBC驱动类列表MYSQL',null,'com.mysql.jdbc.Driver','com.mysql.jdbc.Driver',null,'admin',null,'admin',current_timestamp()) ;
INSERT INTO EM_CONS_CODE_CFG(CONS_ID,CONS_SEQ,CONS_NAME,CONS_DESC,DISP_VALUE,STORE_VALUE,STORE_TYPE,CREATE_AUTHOR,CREATE_DATETIME,UPDATE_AUTHOR,UPDATE_DATETIME) VALUES ('JDBC-DRIVER',2,'JDBC驱动类列表DB2',null,'com.ibm.db2.jcc.DB2Driver','com.ibm.db2.jcc.DB2Driver',null,'admin',null,'admin',current_timestamp()) ;
INSERT INTO EM_CONS_CODE_CFG(CONS_ID,CONS_SEQ,CONS_NAME,CONS_DESC,DISP_VALUE,STORE_VALUE,STORE_TYPE,CREATE_AUTHOR,CREATE_DATETIME,UPDATE_AUTHOR,UPDATE_DATETIME) VALUES ('JDBC-DRIVER',3,'JDBC驱动类列表ORACLE',null,'oracle.jdbc.OracleDriver','oracle.jdbc.OracleDriver',null,'admin',null,'admin',current_timestamp()) ;
INSERT INTO EM_CONS_CODE_CFG(CONS_ID,CONS_SEQ,CONS_NAME,CONS_DESC,DISP_VALUE,STORE_VALUE,STORE_TYPE,CREATE_AUTHOR,CREATE_DATETIME,UPDATE_AUTHOR,UPDATE_DATETIME) VALUES ('JDBC-DRIVER',4,'JDBC驱动类列表POSTGRES',null,'org.postgresql.Driver','org.postgresql.Driver',null,'admin',null,'admin',current_timestamp()) ;
INSERT INTO EM_CONS_CODE_CFG(CONS_ID,CONS_SEQ,CONS_NAME,CONS_DESC,DISP_VALUE,STORE_VALUE,STORE_TYPE,CREATE_AUTHOR,CREATE_DATETIME,UPDATE_AUTHOR,UPDATE_DATETIME) VALUES ('DATABASE-TYPE',1,'DB类型',null,'MYSQL','MYSQL',null,'admin',null,'admin',current_timestamp()) ;
INSERT INTO EM_CONS_CODE_CFG(CONS_ID,CONS_SEQ,CONS_NAME,CONS_DESC,DISP_VALUE,STORE_VALUE,STORE_TYPE,CREATE_AUTHOR,CREATE_DATETIME,UPDATE_AUTHOR,UPDATE_DATETIME) VALUES ('DATABASE-TYPE',2,'DB类型',null,'DB2','DB2',null,'admin',null,'admin',current_timestamp()) ;
INSERT INTO EM_CONS_CODE_CFG(CONS_ID,CONS_SEQ,CONS_NAME,CONS_DESC,DISP_VALUE,STORE_VALUE,STORE_TYPE,CREATE_AUTHOR,CREATE_DATETIME,UPDATE_AUTHOR,UPDATE_DATETIME) VALUES ('DATABASE-TYPE',3,'DB类型',null,'ORACLE','ORACLE',null,'admin',null,'admin',current_timestamp()) ;
INSERT INTO EM_CONS_CODE_CFG(CONS_ID,CONS_SEQ,CONS_NAME,CONS_DESC,DISP_VALUE,STORE_VALUE,STORE_TYPE,CREATE_AUTHOR,CREATE_DATETIME,UPDATE_AUTHOR,UPDATE_DATETIME) VALUES ('DATABASE-TYPE',4,'DB类型',null,'POSTGRES','POSTGRES',null,'admin',null,'admin',current_timestamp()) ;
INSERT INTO EM_CONS_CODE_CFG(CONS_ID,CONS_SEQ,CONS_NAME,CONS_DESC,DISP_VALUE,STORE_VALUE,STORE_TYPE,CREATE_AUTHOR,CREATE_DATETIME,UPDATE_AUTHOR,UPDATE_DATETIME) VALUES ('RES-ACC-LEVEL',1,'访问级别定义',null,'无权限','0',null,'admin',null,'admin',current_timestamp()) ;
INSERT INTO EM_CONS_CODE_CFG(CONS_ID,CONS_SEQ,CONS_NAME,CONS_DESC,DISP_VALUE,STORE_VALUE,STORE_TYPE,CREATE_AUTHOR,CREATE_DATETIME,UPDATE_AUTHOR,UPDATE_DATETIME) VALUES ('RES-ACC-LEVEL',2,'访问级别定义',null,'只读','1',null,'admin',null,'admin',current_timestamp()) ;
INSERT INTO EM_CONS_CODE_CFG(CONS_ID,CONS_SEQ,CONS_NAME,CONS_DESC,DISP_VALUE,STORE_VALUE,STORE_TYPE,CREATE_AUTHOR,CREATE_DATETIME,UPDATE_AUTHOR,UPDATE_DATETIME) VALUES ('RES-ACC-LEVEL',3,'访问级别定义',null,'更新','2',null,'admin',null,'admin',current_timestamp()) ;
INSERT INTO EM_CONS_CODE_CFG(CONS_ID,CONS_SEQ,CONS_NAME,CONS_DESC,DISP_VALUE,STORE_VALUE,STORE_TYPE,CREATE_AUTHOR,CREATE_DATETIME,UPDATE_AUTHOR,UPDATE_DATETIME) VALUES ('RES-ACC-LEVEL',4,'访问级别定义',null,'读写','4',null,'admin',null,'admin',current_timestamp()) ;
INSERT INTO EM_CONS_CODE_CFG(CONS_ID,CONS_SEQ,CONS_NAME,CONS_DESC,DISP_VALUE,STORE_VALUE,STORE_TYPE,CREATE_AUTHOR,CREATE_DATETIME,UPDATE_AUTHOR,UPDATE_DATETIME) VALUES ('COMPONENT-TYPE',1,'属性表现形式',null,'Textbox','0',null,'admin',null,'admin',current_timestamp()) ;
INSERT INTO EM_CONS_CODE_CFG(CONS_ID,CONS_SEQ,CONS_NAME,CONS_DESC,DISP_VALUE,STORE_VALUE,STORE_TYPE,CREATE_AUTHOR,CREATE_DATETIME,UPDATE_AUTHOR,UPDATE_DATETIME) VALUES ('COMPONENT-TYPE',2,'属性表现形式',null,'Radio','1',null,'admin',null,'admin',current_timestamp()) ;
INSERT INTO EM_CONS_CODE_CFG(CONS_ID,CONS_SEQ,CONS_NAME,CONS_DESC,DISP_VALUE,STORE_VALUE,STORE_TYPE,CREATE_AUTHOR,CREATE_DATETIME,UPDATE_AUTHOR,UPDATE_DATETIME) VALUES ('COMPONENT-TYPE',3,'属性表现形式',null,'Dropdown','2',null,'admin',null,'admin',current_timestamp()) ;
INSERT INTO EM_CONS_CODE_CFG(CONS_ID,CONS_SEQ,CONS_NAME,CONS_DESC,DISP_VALUE,STORE_VALUE,STORE_TYPE,CREATE_AUTHOR,CREATE_DATETIME,UPDATE_AUTHOR,UPDATE_DATETIME) VALUES ('COMPONENT-TYPE',4,'属性表现形式',null,'Checkbox','3',null,'admin',null,'admin',current_timestamp()) ;
INSERT INTO EM_CONS_CODE_CFG(CONS_ID,CONS_SEQ,CONS_NAME,CONS_DESC,DISP_VALUE,STORE_VALUE,STORE_TYPE,CREATE_AUTHOR,CREATE_DATETIME,UPDATE_AUTHOR,UPDATE_DATETIME) VALUES ('COMPONENT-TYPE',5,'属性表现形式',null,'Link','4',null,'admin',null,'admin',current_timestamp()) ;
INSERT INTO EM_CONS_CODE_CFG(CONS_ID,CONS_SEQ,CONS_NAME,CONS_DESC,DISP_VALUE,STORE_VALUE,STORE_TYPE,CREATE_AUTHOR,CREATE_DATETIME,UPDATE_AUTHOR,UPDATE_DATETIME) VALUES ('COMPONENT-TYPE',6,'属性表现形式',null,'Pdf','5',null,'admin',null,'admin',current_timestamp()) ;
INSERT INTO EM_CONS_CODE_CFG(CONS_ID,CONS_SEQ,CONS_NAME,CONS_DESC,DISP_VALUE,STORE_VALUE,STORE_TYPE,CREATE_AUTHOR,CREATE_DATETIME,UPDATE_AUTHOR,UPDATE_DATETIME) VALUES ('COMPONENT-TYPE',7,'属性表现形式',null,'Textarea','6',null,'admin',null,'admin',current_timestamp()) ;
INSERT INTO EM_CONS_CODE_CFG(CONS_ID,CONS_SEQ,CONS_NAME,CONS_DESC,DISP_VALUE,STORE_VALUE,STORE_TYPE,CREATE_AUTHOR,CREATE_DATETIME,UPDATE_AUTHOR,UPDATE_DATETIME) VALUES ('COMPONENT-TYPE',8,'属性表现形式',null,'Image(Base64)','51',null,'admin',null,'admin',current_timestamp()) ;
INSERT INTO EM_CONS_CODE_CFG(CONS_ID,CONS_SEQ,CONS_NAME,CONS_DESC,DISP_VALUE,STORE_VALUE,STORE_TYPE,CREATE_AUTHOR,CREATE_DATETIME,UPDATE_AUTHOR,UPDATE_DATETIME) VALUES ('COMPONENT-TYPE',9,'属性表现形式',null,'Image(Url)','52',null,'admin',null,'admin',current_timestamp()) ;

DELETE FROM EM_CONS_SQL_CFG ;
INSERT INTO EM_CONS_SQL_CFG(CONS_ID,CONS_NAME,CONS_DESC,CONS_SQLR,CONS_SQLU,CREATE_AUTHOR,CREATE_DATETIME,UPDATE_AUTHOR,UPDATE_DATETIME) VALUES ('SQL-OF-RES-LIST','取得所有资源编码信息',null,'SELECT RES_NAME,RES_ID FROM UME_RESOURCE',null,null,null,null,current_timestamp()) ;
INSERT INTO EM_CONS_SQL_CFG(CONS_ID,CONS_NAME,CONS_DESC,CONS_SQLR,CONS_SQLU,CREATE_AUTHOR,CREATE_DATETIME,UPDATE_AUTHOR,UPDATE_DATETIME) VALUES ('SQL-OF-ROLE-LIST','取得所有角色编码信息',null,'SELECT ROLE_NAME,ROLE_ID FROM UME_ROLE',null,'admin',null,'admin',current_timestamp()) ;

DELETE FROM EM_DS_CFG ;
INSERT INTO EM_DS_CFG(ID,NAME,URL,DRIVER_CLASS,USERNAME,PASSWORD,MAX_WAIT,MIN_IDLE,MAX_IDLE,MAX_ACTIVE,INITIAL_SIZE,CREATE_AUTHOR,CREATE_DATETIME,UPDATE_AUTHOR,UPDATE_DATETIME) VALUES ('DS01','Refer Data Source 01','jdbc:mysql://123.56.136.145:3306/DORA_EM?characterEncoding=UTF-8&useSSL=false','com.mysql.jdbc.Driver','doraTestAdm','doraTestAdm123','1','1','5','10','3',null,null,'admin',current_timestamp()) ;
INSERT INTO EM_DS_CFG(ID,NAME,URL,DRIVER_CLASS,USERNAME,PASSWORD,MAX_WAIT,MIN_IDLE,MAX_IDLE,MAX_ACTIVE,INITIAL_SIZE,CREATE_AUTHOR,CREATE_DATETIME,UPDATE_AUTHOR,UPDATE_DATETIME) VALUES ('DEFAULT','Master Config Data Source ','jdbc:mysql://218.61.208.224:3306/umedbm01?characterEncoding=UTF-8&useSSL=false','com.mysql.jdbc.Driver','ume','zaq1@WSX','1','1','5','10','5',null,null,'admin',current_timestamp()) ;

DELETE FROM EM_SEQ ;
INSERT INTO EM_SEQ(ITEM_NAME,MIN_VALUE,MAX_VALUE,CURRENT_INDEX,INCREMENT_VALUE,ITEM_LENGTH,PREFIX,POSTFIX,REPEATABLE,FORMATTER,CREATE_AUTHOR,CREATE_DATETIME,UPDATE_AUTHOR,UPDATE_DATETIME) VALUES ('UID',1,99999999,1,1,8,'U',null,'F',null,null,null,null,current_timestamp()) ;
INSERT INTO EM_SEQ(ITEM_NAME,MIN_VALUE,MAX_VALUE,CURRENT_INDEX,INCREMENT_VALUE,ITEM_LENGTH,PREFIX,POSTFIX,REPEATABLE,FORMATTER,CREATE_AUTHOR,CREATE_DATETIME,UPDATE_AUTHOR,UPDATE_DATETIME) VALUES ('MSG',1,99999,161,1,5,'MSG',null,'F',null,null,null,null,current_timestamp()) ;

DELETE FROM EM_TBL_CFG ;
INSERT INTO EM_TBL_CFG(ENT_ID,ENT_NAME,ENT_TYPE,ENT_LAYOUT,REF_TBL_ID,REF_TBL_DATASOURCE,REF_TBL_READONLY_COLS,REF_TBL_HIDE_COLS,REF_TBL_DISABLE_COLS,PRE_PROC_DISP,PRE_PROC_SAVE,PRE_PROC_VALIDATE,CUS_ENTITY_MANAGER,CREATE_AUTHOR,CREATE_DATETIME,UPDATE_AUTHOR,UPDATE_DATETIME) VALUES ('UME_ROLE','系统角色（用户组）管理',0,null,'UME_ROLE',null,null,'CREATE_AUTHOR,CREATE_DATETIME,UPDATE_AUTHOR,UPDATE_DATETIME',null,null,null,null,null,'superuser',null,null,current_timestamp()) ;
INSERT INTO EM_TBL_CFG(ENT_ID,ENT_NAME,ENT_TYPE,ENT_LAYOUT,REF_TBL_ID,REF_TBL_DATASOURCE,REF_TBL_READONLY_COLS,REF_TBL_HIDE_COLS,REF_TBL_DISABLE_COLS,PRE_PROC_DISP,PRE_PROC_SAVE,PRE_PROC_VALIDATE,CUS_ENTITY_MANAGER,CREATE_AUTHOR,CREATE_DATETIME,UPDATE_AUTHOR,UPDATE_DATETIME) VALUES ('UME_USER','系统用户管理',0,null,'UME_USER',null,null,'CREATE_AUTHOR,CREATE_DATETIME,UPDATE_AUTHOR,UPDATE_DATETIME',null,null,null,null,null,'superuser',null,null,current_timestamp()) ;
INSERT INTO EM_TBL_CFG(ENT_ID,ENT_NAME,ENT_TYPE,ENT_LAYOUT,REF_TBL_ID,REF_TBL_DATASOURCE,REF_TBL_READONLY_COLS,REF_TBL_HIDE_COLS,REF_TBL_DISABLE_COLS,PRE_PROC_DISP,PRE_PROC_SAVE,PRE_PROC_VALIDATE,CUS_ENTITY_MANAGER,CREATE_AUTHOR,CREATE_DATETIME,UPDATE_AUTHOR,UPDATE_DATETIME) VALUES ('EM_DS_CFG','数据源管理',0,null,'EM_DS_CFG',null,null,'CREATE_AUTHOR,CREATE_DATETIME,UPDATE_AUTHOR,UPDATE_DATETIME',null,null,null,null,null,'superuser',null,null,current_timestamp()) ;
INSERT INTO EM_TBL_CFG(ENT_ID,ENT_NAME,ENT_TYPE,ENT_LAYOUT,REF_TBL_ID,REF_TBL_DATASOURCE,REF_TBL_READONLY_COLS,REF_TBL_HIDE_COLS,REF_TBL_DISABLE_COLS,PRE_PROC_DISP,PRE_PROC_SAVE,PRE_PROC_VALIDATE,CUS_ENTITY_MANAGER,CREATE_AUTHOR,CREATE_DATETIME,UPDATE_AUTHOR,UPDATE_DATETIME) VALUES ('UME_RESOURCE','系统资源定义及管理',0,null,'UME_RESOURCE',null,null,null,null,null,null,null,null,null,null,null,current_timestamp()) ;
INSERT INTO EM_TBL_CFG(ENT_ID,ENT_NAME,ENT_TYPE,ENT_LAYOUT,REF_TBL_ID,REF_TBL_DATASOURCE,REF_TBL_READONLY_COLS,REF_TBL_HIDE_COLS,REF_TBL_DISABLE_COLS,PRE_PROC_DISP,PRE_PROC_SAVE,PRE_PROC_VALIDATE,CUS_ENTITY_MANAGER,CREATE_AUTHOR,CREATE_DATETIME,UPDATE_AUTHOR,UPDATE_DATETIME) VALUES ('UME_ROLE_ACL','系统角色的访问权限分配',0,null,'UME_ROLE_ACL',null,null,'CREATE_AUTHOR,CREATE_DATETIME,UPDATE_AUTHOR,UPDATE_DATETIME',null,null,null,null,null,'superuser',null,null,current_timestamp()) ;
INSERT INTO EM_TBL_CFG(ENT_ID,ENT_NAME,ENT_TYPE,ENT_LAYOUT,REF_TBL_ID,REF_TBL_DATASOURCE,REF_TBL_READONLY_COLS,REF_TBL_HIDE_COLS,REF_TBL_DISABLE_COLS,PRE_PROC_DISP,PRE_PROC_SAVE,PRE_PROC_VALIDATE,CUS_ENTITY_MANAGER,CREATE_AUTHOR,CREATE_DATETIME,UPDATE_AUTHOR,UPDATE_DATETIME) VALUES ('UME_USER_ROLE','系统用户角色分配',0,null,'UME_USER_ROLE',null,null,'CREATE_AUTHOR,CREATE_DATETIME,UPDATE_AUTHOR,UPDATE_DATETIME',null,null,null,null,null,'superuser',null,null,current_timestamp()) ;

DELETE FROM EM_TBL_COL_CFG ;
INSERT INTO EM_TBL_COL_CFG(ENT_ID,COL_ID,COL_NAME,DATA_SUB_TYPE,NOT_NULL,DEFAULT_VALUE,DATA_LENGTH_MIN,DATA_LENGTH_MAX,DATA_RANGE_MIN,DATA_RANGE_MAX,CONSTRAINT_TYPE,CONSTRAINT_REF,DISP_TYPE,DISP_FORMAT,EDIT_FORMAT,PRE_PROC_DISP,PRE_PROC_SAVE,CREATE_AUTHOR,CREATE_DATETIME,UPDATE_AUTHOR,UPDATE_DATETIME) VALUES ('XXXX','FEED_PHOTO1',null,null,null,null,null,null,null,null,null,null,51,null,null,'LOBtoB64','B64toLOB','admin',null,'admin',current_timestamp()) ;
INSERT INTO EM_TBL_COL_CFG(ENT_ID,COL_ID,COL_NAME,DATA_SUB_TYPE,NOT_NULL,DEFAULT_VALUE,DATA_LENGTH_MIN,DATA_LENGTH_MAX,DATA_RANGE_MIN,DATA_RANGE_MAX,CONSTRAINT_TYPE,CONSTRAINT_REF,DISP_TYPE,DISP_FORMAT,EDIT_FORMAT,PRE_PROC_DISP,PRE_PROC_SAVE,CREATE_AUTHOR,CREATE_DATETIME,UPDATE_AUTHOR,UPDATE_DATETIME) VALUES ('XXXX','FEED_PHOTO2',null,null,null,null,null,null,null,null,null,null,51,null,null,'LOBtoB64','B64toLOB','admin',null,'admin',current_timestamp()) ;
INSERT INTO EM_TBL_COL_CFG(ENT_ID,COL_ID,COL_NAME,DATA_SUB_TYPE,NOT_NULL,DEFAULT_VALUE,DATA_LENGTH_MIN,DATA_LENGTH_MAX,DATA_RANGE_MIN,DATA_RANGE_MAX,CONSTRAINT_TYPE,CONSTRAINT_REF,DISP_TYPE,DISP_FORMAT,EDIT_FORMAT,PRE_PROC_DISP,PRE_PROC_SAVE,CREATE_AUTHOR,CREATE_DATETIME,UPDATE_AUTHOR,UPDATE_DATETIME) VALUES ('XXXX','FEED_PHOTO3',null,null,null,null,null,null,null,null,null,null,51,null,null,'LOBtoB64','B64toLOB','admin',null,'admin',current_timestamp()) ;
INSERT INTO EM_TBL_COL_CFG(ENT_ID,COL_ID,COL_NAME,DATA_SUB_TYPE,NOT_NULL,DEFAULT_VALUE,DATA_LENGTH_MIN,DATA_LENGTH_MAX,DATA_RANGE_MIN,DATA_RANGE_MAX,CONSTRAINT_TYPE,CONSTRAINT_REF,DISP_TYPE,DISP_FORMAT,EDIT_FORMAT,PRE_PROC_DISP,PRE_PROC_SAVE,CREATE_AUTHOR,CREATE_DATETIME,UPDATE_AUTHOR,UPDATE_DATETIME) VALUES ('XXXX','FEED_REPLY_DESCRIPTION',null,null,null,null,null,null,null,null,null,null,6,null,null,'UTF8DEC','UTF8ENC','admin',null,'admin',current_timestamp()) ;
INSERT INTO EM_TBL_COL_CFG(ENT_ID,COL_ID,COL_NAME,DATA_SUB_TYPE,NOT_NULL,DEFAULT_VALUE,DATA_LENGTH_MIN,DATA_LENGTH_MAX,DATA_RANGE_MIN,DATA_RANGE_MAX,CONSTRAINT_TYPE,CONSTRAINT_REF,DISP_TYPE,DISP_FORMAT,EDIT_FORMAT,PRE_PROC_DISP,PRE_PROC_SAVE,CREATE_AUTHOR,CREATE_DATETIME,UPDATE_AUTHOR,UPDATE_DATETIME) VALUES ('UME_USER','USER_STATUS','用户状态',null,null,null,null,null,null,null,0,'STATUS',1,null,null,null,null,'admin',null,'admin',current_timestamp()) ;
INSERT INTO EM_TBL_COL_CFG(ENT_ID,COL_ID,COL_NAME,DATA_SUB_TYPE,NOT_NULL,DEFAULT_VALUE,DATA_LENGTH_MIN,DATA_LENGTH_MAX,DATA_RANGE_MIN,DATA_RANGE_MAX,CONSTRAINT_TYPE,CONSTRAINT_REF,DISP_TYPE,DISP_FORMAT,EDIT_FORMAT,PRE_PROC_DISP,PRE_PROC_SAVE,CREATE_AUTHOR,CREATE_DATETIME,UPDATE_AUTHOR,UPDATE_DATETIME) VALUES ('EM_DS_CFG','URL',null,null,null,null,null,null,null,null,null,null,null,null,'jdbc:mysql://localhost:3306/[SampleDB]?characterEncoding=UTF-8',null,null,null,null,null,current_timestamp()) ;
INSERT INTO EM_TBL_COL_CFG(ENT_ID,COL_ID,COL_NAME,DATA_SUB_TYPE,NOT_NULL,DEFAULT_VALUE,DATA_LENGTH_MIN,DATA_LENGTH_MAX,DATA_RANGE_MIN,DATA_RANGE_MAX,CONSTRAINT_TYPE,CONSTRAINT_REF,DISP_TYPE,DISP_FORMAT,EDIT_FORMAT,PRE_PROC_DISP,PRE_PROC_SAVE,CREATE_AUTHOR,CREATE_DATETIME,UPDATE_AUTHOR,UPDATE_DATETIME) VALUES ('EM_DS_CFG','NAME',null,null,null,null,4,50,null,null,null,null,null,null,null,null,null,'admin',null,'admin',current_timestamp()) ;
INSERT INTO EM_TBL_COL_CFG(ENT_ID,COL_ID,COL_NAME,DATA_SUB_TYPE,NOT_NULL,DEFAULT_VALUE,DATA_LENGTH_MIN,DATA_LENGTH_MAX,DATA_RANGE_MIN,DATA_RANGE_MAX,CONSTRAINT_TYPE,CONSTRAINT_REF,DISP_TYPE,DISP_FORMAT,EDIT_FORMAT,PRE_PROC_DISP,PRE_PROC_SAVE,CREATE_AUTHOR,CREATE_DATETIME,UPDATE_AUTHOR,UPDATE_DATETIME) VALUES ('EM_DS_CFG','DRIVER_CLASS',null,null,null,null,null,null,null,null,0,'JDBC-DRIVER',2,null,null,null,null,'admin',null,'admin',current_timestamp()) ;
INSERT INTO EM_TBL_COL_CFG(ENT_ID,COL_ID,COL_NAME,DATA_SUB_TYPE,NOT_NULL,DEFAULT_VALUE,DATA_LENGTH_MIN,DATA_LENGTH_MAX,DATA_RANGE_MIN,DATA_RANGE_MAX,CONSTRAINT_TYPE,CONSTRAINT_REF,DISP_TYPE,DISP_FORMAT,EDIT_FORMAT,PRE_PROC_DISP,PRE_PROC_SAVE,CREATE_AUTHOR,CREATE_DATETIME,UPDATE_AUTHOR,UPDATE_DATETIME) VALUES ('UME_RESOURCE','RES_DISABLE','资源状态',null,null,null,null,null,null,null,0,'RES-STATUS-FLAG',1,null,null,null,null,'admin',null,'admin',current_timestamp()) ;
INSERT INTO EM_TBL_COL_CFG(ENT_ID,COL_ID,COL_NAME,DATA_SUB_TYPE,NOT_NULL,DEFAULT_VALUE,DATA_LENGTH_MIN,DATA_LENGTH_MAX,DATA_RANGE_MIN,DATA_RANGE_MAX,CONSTRAINT_TYPE,CONSTRAINT_REF,DISP_TYPE,DISP_FORMAT,EDIT_FORMAT,PRE_PROC_DISP,PRE_PROC_SAVE,CREATE_AUTHOR,CREATE_DATETIME,UPDATE_AUTHOR,UPDATE_DATETIME) VALUES ('UME_ROLE_ACL','ACC_LEVEL','访问级别／类型',null,null,null,null,null,null,null,0,'RES-ACC-LEVEL',2,null,null,null,null,'admin',null,'admin',current_timestamp()) ;
INSERT INTO EM_TBL_COL_CFG(ENT_ID,COL_ID,COL_NAME,DATA_SUB_TYPE,NOT_NULL,DEFAULT_VALUE,DATA_LENGTH_MIN,DATA_LENGTH_MAX,DATA_RANGE_MIN,DATA_RANGE_MAX,CONSTRAINT_TYPE,CONSTRAINT_REF,DISP_TYPE,DISP_FORMAT,EDIT_FORMAT,PRE_PROC_DISP,PRE_PROC_SAVE,CREATE_AUTHOR,CREATE_DATETIME,UPDATE_AUTHOR,UPDATE_DATETIME) VALUES ('UME_ROLE_ACL','ACC_RES_ID',null,null,null,null,null,null,null,null,0,'SQL-OF-RES-LIST',2,null,null,null,null,'admin',null,'admin',current_timestamp()) ;
INSERT INTO EM_TBL_COL_CFG(ENT_ID,COL_ID,COL_NAME,DATA_SUB_TYPE,NOT_NULL,DEFAULT_VALUE,DATA_LENGTH_MIN,DATA_LENGTH_MAX,DATA_RANGE_MIN,DATA_RANGE_MAX,CONSTRAINT_TYPE,CONSTRAINT_REF,DISP_TYPE,DISP_FORMAT,EDIT_FORMAT,PRE_PROC_DISP,PRE_PROC_SAVE,CREATE_AUTHOR,CREATE_DATETIME,UPDATE_AUTHOR,UPDATE_DATETIME) VALUES ('UME_USER_ROLE','ROLE_ID',null,null,null,null,null,null,null,null,0,'SQL-OF-ROLE-LIST',2,null,null,null,null,'admin',null,'admin',current_timestamp()) ;

DELETE FROM UME_RESOURCE ;
INSERT INTO UME_RESOURCE(RES_ID,RES_TYPE,RES_NAME,RES_GROUP,RES_LINK,RES_INDEX,RES_STATUS,CREATE_AUTHOR,CREATE_DATETIME,UPDATE_AUTHOR,UPDATE_DATETIME) VALUES ('EM_CODE',1,'通用常量管理','系统资源',null,4,null,null,null,null,current_timestamp()) ;
INSERT INTO UME_RESOURCE(RES_ID,RES_TYPE,RES_NAME,RES_GROUP,RES_LINK,RES_INDEX,RES_STATUS,CREATE_AUTHOR,CREATE_DATETIME,UPDATE_AUTHOR,UPDATE_DATETIME) VALUES ('UME_SEQ',1,'自增长序列管理','系统资源',null,3,null,null,null,null,current_timestamp()) ;
INSERT INTO UME_RESOURCE(RES_ID,RES_TYPE,RES_NAME,RES_GROUP,RES_LINK,RES_INDEX,RES_STATUS,CREATE_AUTHOR,CREATE_DATETIME,UPDATE_AUTHOR,UPDATE_DATETIME) VALUES ('UME_ROLE',1,'系统角色','用户管理',null,2,null,null,null,null,current_timestamp()) ;
INSERT INTO UME_RESOURCE(RES_ID,RES_TYPE,RES_NAME,RES_GROUP,RES_LINK,RES_INDEX,RES_STATUS,CREATE_AUTHOR,CREATE_DATETIME,UPDATE_AUTHOR,UPDATE_DATETIME) VALUES ('UME_USER',1,'系统用户','用户管理',null,1,null,null,null,null,current_timestamp()) ;
INSERT INTO UME_RESOURCE(RES_ID,RES_TYPE,RES_NAME,RES_GROUP,RES_LINK,RES_INDEX,RES_STATUS,CREATE_AUTHOR,CREATE_DATETIME,UPDATE_AUTHOR,UPDATE_DATETIME) VALUES ('EM_DS_CFG',1,'数据源管理','系统资源',null,1,null,null,null,null,current_timestamp()) ;
INSERT INTO UME_RESOURCE(RES_ID,RES_TYPE,RES_NAME,RES_GROUP,RES_LINK,RES_INDEX,RES_STATUS,CREATE_AUTHOR,CREATE_DATETIME,UPDATE_AUTHOR,UPDATE_DATETIME) VALUES ('UME_RESOURCE',1,'资源对象管理','系统资源',null,2,null,null,null,null,current_timestamp()) ;
INSERT INTO UME_RESOURCE(RES_ID,RES_TYPE,RES_NAME,RES_GROUP,RES_LINK,RES_INDEX,RES_STATUS,CREATE_AUTHOR,CREATE_DATETIME,UPDATE_AUTHOR,UPDATE_DATETIME) VALUES ('UME_ROLE_ACL',1,'系统角色及访问权限分配','用户管理',null,4,null,null,null,null,current_timestamp()) ;
INSERT INTO UME_RESOURCE(RES_ID,RES_TYPE,RES_NAME,RES_GROUP,RES_LINK,RES_INDEX,RES_STATUS,CREATE_AUTHOR,CREATE_DATETIME,UPDATE_AUTHOR,UPDATE_DATETIME) VALUES ('UME_USER_ROLE',1,'系统用户及角色分配','用户管理',null,3,null,null,null,null,current_timestamp()) ;

DELETE FROM UME_ROLE ;
INSERT INTO UME_ROLE(ROLE_ID,ROLE_NAME,ROLE_DESC,CREATE_AUTHOR,CREATE_DATETIME,UPDATE_AUTHOR,UPDATE_DATETIME) VALUES ('Administrators','管理员','权限仅次于超级用户','admin',null,'admin',current_timestamp()) ;
INSERT INTO UME_ROLE(ROLE_ID,ROLE_NAME,ROLE_DESC,CREATE_AUTHOR,CREATE_DATETIME,UPDATE_AUTHOR,UPDATE_DATETIME) VALUES ('Guests','访客','访客','admin',null,'admin',current_timestamp()) ;
INSERT INTO UME_ROLE(ROLE_ID,ROLE_NAME,ROLE_DESC,CREATE_AUTHOR,CREATE_DATETIME,UPDATE_AUTHOR,UPDATE_DATETIME) VALUES ('Users','普通用户','普通用户','admin',null,'admin',current_timestamp()) ;

DELETE FROM UME_ROLE_ACL ;
INSERT INTO UME_ROLE_ACL(ROLE_ID,ACC_RES_ID,ACC_RES_TYPE,ACC_LEVEL,CREATE_AUTHOR,CREATE_DATETIME,UPDATE_AUTHOR,UPDATE_DATETIME) VALUES ('Administrators','*',1,3,'admin',null,'admin',current_timestamp()) ;
INSERT INTO UME_ROLE_ACL(ROLE_ID,ACC_RES_ID,ACC_RES_TYPE,ACC_LEVEL,CREATE_AUTHOR,CREATE_DATETIME,UPDATE_AUTHOR,UPDATE_DATETIME) VALUES ('Administrators','*',1,15,'admin',null,'admin',current_timestamp()) ;
INSERT INTO UME_ROLE_ACL(ROLE_ID,ACC_RES_ID,ACC_RES_TYPE,ACC_LEVEL,CREATE_AUTHOR,CREATE_DATETIME,UPDATE_AUTHOR,UPDATE_DATETIME) VALUES ('Administrators','EM_DS_CFG',1,7,'admin',null,'admin',current_timestamp()) ;
INSERT INTO UME_ROLE_ACL(ROLE_ID,ACC_RES_ID,ACC_RES_TYPE,ACC_LEVEL,CREATE_AUTHOR,CREATE_DATETIME,UPDATE_AUTHOR,UPDATE_DATETIME) VALUES ('Guests','EM_DS_CFG',1,4,'admin',null,'admin',current_timestamp()) ;
INSERT INTO UME_ROLE_ACL(ROLE_ID,ACC_RES_ID,ACC_RES_TYPE,ACC_LEVEL,CREATE_AUTHOR,CREATE_DATETIME,UPDATE_AUTHOR,UPDATE_DATETIME) VALUES ('Guests','UME_ROLE',1,3,'admin',null,'admin',current_timestamp()) ;
INSERT INTO UME_ROLE_ACL(ROLE_ID,ACC_RES_ID,ACC_RES_TYPE,ACC_LEVEL,CREATE_AUTHOR,CREATE_DATETIME,UPDATE_AUTHOR,UPDATE_DATETIME) VALUES ('Guests','UME_USER',1,3,'admin',null,'admin',current_timestamp()) ;
INSERT INTO UME_ROLE_ACL(ROLE_ID,ACC_RES_ID,ACC_RES_TYPE,ACC_LEVEL,CREATE_AUTHOR,CREATE_DATETIME,UPDATE_AUTHOR,UPDATE_DATETIME) VALUES ('Users','*',1,1,'admin',null,'admin',current_timestamp()) ;
INSERT INTO UME_ROLE_ACL(ROLE_ID,ACC_RES_ID,ACC_RES_TYPE,ACC_LEVEL,CREATE_AUTHOR,CREATE_DATETIME,UPDATE_AUTHOR,UPDATE_DATETIME) VALUES ('Users','EM_DS_CFG',1,4,'admin',null,'admin',current_timestamp()) ;

DELETE FROM UME_USER ;
INSERT INTO UME_USER(USER_ID,USER_NAME,USER_PASSWORD,USER_MOBILE,USER_NICK_NAME,USER_HEAD_IMAGE,USER_EMAIL,USER_DESC,USER_STATUS,CREATE_AUTHOR,CREATE_DATETIME,UPDATE_AUTHOR,UPDATE_DATETIME) VALUES ('admin','系统管理员','8ddcff3a80f4189ca1c9d4d902c3c909','13800000011',null,null,'admin@gmail.com',null,1,'admin',null,'admin',current_timestamp()) ;
INSERT INTO UME_USER(USER_ID,USER_NAME,USER_PASSWORD,USER_MOBILE,USER_NICK_NAME,USER_HEAD_IMAGE,USER_EMAIL,USER_DESC,USER_STATUS,CREATE_AUTHOR,CREATE_DATETIME,UPDATE_AUTHOR,UPDATE_DATETIME) VALUES ('guest','访客','8ddcff3a80f4189ca1c9d4d902c3c909','13900000000',null,null,'guest@gmail.com',null,1,'admin',null,'admin',current_timestamp()) ;
INSERT INTO UME_USER(USER_ID,USER_NAME,USER_PASSWORD,USER_MOBILE,USER_NICK_NAME,USER_HEAD_IMAGE,USER_EMAIL,USER_DESC,USER_STATUS,CREATE_AUTHOR,CREATE_DATETIME,UPDATE_AUTHOR,UPDATE_DATETIME) VALUES ('tester','测试用户','8ddcff3a80f4189ca1c9d4d902c3c909','13900000000',null,null,'tester@gmail.com',null,1,'admin',null,'admin',current_timestamp()) ;

DELETE FROM UME_USER_ROLE ;
INSERT INTO UME_USER_ROLE(USER_ID,ROLE_ID,CREATE_AUTHOR,CREATE_DATETIME,UPDATE_AUTHOR,UPDATE_DATETIME) VALUES ('admin','Administrators','admin',null,'admin',current_timestamp()) ;
INSERT INTO UME_USER_ROLE(USER_ID,ROLE_ID,CREATE_AUTHOR,CREATE_DATETIME,UPDATE_AUTHOR,UPDATE_DATETIME) VALUES ('admin','Guests','admin',null,'admin',current_timestamp()) ;
INSERT INTO UME_USER_ROLE(USER_ID,ROLE_ID,CREATE_AUTHOR,CREATE_DATETIME,UPDATE_AUTHOR,UPDATE_DATETIME) VALUES ('guest','Guests','admin',null,'admin',current_timestamp()) ;
INSERT INTO UME_USER_ROLE(USER_ID,ROLE_ID,CREATE_AUTHOR,CREATE_DATETIME,UPDATE_AUTHOR,UPDATE_DATETIME) VALUES ('tester','Users','admin',null,'admin',current_timestamp()) ;

